login,full_name,created_at,stargazers_count,watchers_count,language,has_projects,has_wiki,license_name
getify,getify/mpAjax,2010-09-24T15:04:21Z,23,23,JavaScript,True,True,
benawad,benawad/Grayscale_Django,2014-11-08T04:11:35Z,3,3,Python,True,True,
steveklabnik,steveklabnik/rust-sqlite3,2014-10-30T04:28:48Z,1,1,,True,True,mit
cloudflare,cloudflare/lua-cmsgpack,2013-06-23T06:44:38Z,14,14,C,False,True,
jbogard,jbogard/fluent-nhibernate,2009-09-23T20:42:19Z,4,4,C#,True,False,bsd-3-clause
EvanBacon,EvanBacon/Scenekit-Earth,2016-09-14T19:08:02Z,1,1,Swift,True,True,
progrium,progrium/shdh-badger,2011-10-24T05:38:11Z,2,2,,True,True,
oracle,oracle/oracle-nosql-drivers,2014-06-10T01:30:30Z,4,4,C,True,False,
GeostatsGuy,GeostatsGuy/GSLIBTools,2017-12-25T23:20:47Z,1,1,Fortran,True,True,
benlesh,benlesh/jquery.lesh.selectors.js,2012-06-11T03:43:49Z,0,0,JavaScript,True,True,gpl-3.0
ContinuumIO,ContinuumIO/quepy,2014-09-04T04:20:06Z,2,2,,True,True,other
davatron5000,davatron5000/Borkers,2010-12-09T16:28:58Z,22,22,PHP,True,False,
schneems,schneems/DelayedLog,2011-07-28T14:31:16Z,1,1,,True,True,
wardviaene,wardviaene/spark,2014-09-05T12:52:43Z,0,0,,True,False,apache-2.0
mikermcneil,mikermcneil/node-ws-client,2012-12-16T00:49:49Z,1,1,JavaScript,True,True,mit
SlexAxton,SlexAxton/jquery-google-analytics,2010-01-18T23:32:11Z,6,6,JavaScript,True,True,
kentonv,kentonv/capnp-vs-ice,2013-12-13T21:53:47Z,18,18,C++,True,True,
pfrazee,pfrazee/lugg,2012-07-09T22:08:59Z,1,1,Shell,True,True,
dhg,dhg/sublime-snippets,2012-06-24T17:47:59Z,7,7,,True,True,
aweary,aweary/javascript6_examples,2014-10-01T02:03:37Z,0,0,,True,True,
hdm,hdm/inetdata-parsers,2016-12-07T04:14:05Z,55,55,Go,True,True,mit
mrocklin,mrocklin/scipy,2011-03-27T02:55:42Z,1,1,C,True,False,other
JessicaSachs,JessicaSachs/node-stats,2022-01-11T14:00:39Z,0,0,,True,True,
codinghemp,codinghemp/Scrabbling-Java-With-CF,2023-02-26T22:01:43Z,4,4,,True,True,mit
srowen,srowen/zxing-bsplus,2014-01-23T20:44:07Z,20,20,Java,False,True,apache-2.0
ruotianluo,ruotianluo/neuraltalk2-resnet,2016-02-05T21:30:54Z,6,6,Jupyter Notebook,True,True,
aaronabramov,aaronabramov/backbone,2013-01-05T04:43:33Z,0,0,JavaScript,True,True,mit
pry0cc,pry0cc/docker-ngircd,2017-12-26T21:17:22Z,2,2,,True,True,mit
teoliphant,teoliphant/numpy-refactor,2010-04-29T15:32:26Z,20,20,C,True,True,bsd-3-clause
PaulRashidi,PaulRashidi/appengine-endpoints-helloendpoints-android,2016-04-18T17:03:20Z,0,0,Java,True,True,apache-2.0
brianc,brianc/pdbh,2009-07-11T20:04:10Z,1,1,JavaScript,True,True,
nathanchapman,nathanchapman/bash-functions,2018-10-20T15:26:56Z,31,31,Shell,False,False,
thirtythreeforty,thirtythreeforty/smullprop,2013-09-03T17:49:54Z,0,0,,True,False,gpl-3.0
leecalcote,leecalcote/PlexConnect,2015-11-02T12:53:45Z,0,0,Python,True,True,other
apoelstra,apoelstra/jansson,2014-01-27T00:00:50Z,0,0,C,True,True,mit
ericclemmons,ericclemmons/capistrano-svn-deployment,2009-08-12T15:32:44Z,1,1,Python,True,True,
jduck,jduck/idarub,2012-01-31T20:23:20Z,4,4,Ruby,True,True,
nateraw,nateraw/Tensorflow-for-NLP,2017-12-03T22:23:47Z,15,15,Python,True,True,
Ir1d,Ir1d/Quake-III-Arena,2015-01-30T05:56:43Z,1,1,C,True,False,gpl-2.0
wybiral,wybiral/classyjs,2013-11-30T20:44:36Z,0,0,JavaScript,True,True,other
tpolecat,tpolecat/wat-collection,2013-02-12T06:05:12Z,0,0,Haskell,True,True,
billerickson,billerickson/Custom-Metaboxes-and-Fields-for-WordPress,2011-08-31T12:33:35Z,8,8,PHP,True,False,
adamstac,adamstac/jquery-qt-controller,2008-03-20T07:02:03Z,20,20,JavaScript,True,True,mit
a-robinson,a-robinson/fluentd,2014-06-02T23:37:29Z,0,0,Ruby,True,True,other
hxlnt,hxlnt/docpad-skeleton-beginner,2016-06-27T06:36:42Z,0,0,CoffeeScript,True,True,
ACyphus,ACyphus/twitter-linker-js,2013-01-12T10:08:06Z,1,1,JavaScript,True,True,
shergin,shergin/downright,2009-09-29T17:56:12Z,2,2,,True,True,
lecoursen,lecoursen/empty,2019-06-03T16:12:07Z,13,13,,True,True,
jnewland,jnewland/lazy_record,2008-01-27T02:42:01Z,16,16,Ruby,True,True,other
KilledByAPixel,KilledByAPixel/LudumDare44,2019-05-02T03:45:21Z,3,3,JavaScript,True,True,
devinsays,devinsays/foghorn,2011-06-11T20:48:01Z,18,18,PHP,True,True,gpl-2.0
aaronj1335,aaronj1335/the-geometry-of-innocent-signals-on-the-wire,2012-01-08T19:42:45Z,15,15,Objective-C,True,True,
MrChromebox,MrChromebox/stk-editor,2015-09-30T19:53:05Z,3,3,C++,True,True,gpl-3.0
hone,hone/napkins,2008-09-22T18:28:54Z,3,3,,True,True,
caniszczyk,caniszczyk/mylyn-wikitext-examples,2010-03-08T18:02:50Z,2,2,,True,True,
juliacodes,juliacodes/codewithjulia.codes,2018-11-19T02:16:27Z,2,2,HTML,True,True,
danielfrg,danielfrg/django-ddns,2012-10-21T03:31:59Z,1,1,Python,True,True,
yukezhu,yukezhu/Vim-Setting,2012-01-17T04:07:27Z,1,1,VimL,True,True,
bmeck,bmeck/sql.js,2011-01-24T18:09:16Z,2,2,,True,True,
Empact,Empact/html_test,2008-04-16T09:17:47Z,9,9,Ruby,True,True,
hu-po,hu-po/StereoCam,2015-11-03T13:58:02Z,0,0,,True,True,
HarshKapadia2,HarshKapadia2/IoT_Firefighting_Robot,2019-10-02T05:29:28Z,4,4,C++,True,True,mit
thinkyhead,thinkyhead/Legacy-XCode-Scripts,2011-08-12T03:46:59Z,11,11,Shell,True,True,
CodyJasonBennett,CodyJasonBennett/oldify,2020-12-07T15:12:10Z,1,1,JavaScript,True,True,mit
jeremydmiller,jeremydmiller/Reversibility,2012-10-01T15:06:23Z,0,0,,True,True,
daltoniam,daltoniam/GPLib-iOS,2012-07-20T01:19:21Z,10,10,Objective-C,True,True,
kcharwood,kcharwood/MM-Dribbble,2012-03-28T20:14:40Z,1,1,,True,True,
achillean,achillean/Shodan.NET,2011-02-09T00:33:22Z,11,11,C#,True,True,
SiliconLabs,SiliconLabs/trdb-client-releases,2016-08-30T18:43:07Z,0,0,,False,False,
rachaelshaw,rachaelshaw/sails-wiki,2013-07-10T22:32:51Z,0,0,,True,False,
mappum,mappum/mongorest,2012-05-18T02:37:00Z,1,1,JavaScript,True,True,
Embarcadero,Embarcadero/CppBootCamp2016,2016-08-11T18:25:48Z,7,7,C++,True,True,
landley,landley/aboriginal,2016-01-22T00:55:54Z,197,197,HTML,True,True,
trapexit,trapexit/erlang-hacks,2012-03-15T02:11:52Z,0,0,Erlang,True,True,bsd-2-clause
kanzure,kanzure/shelltrance,2009-07-07T15:40:01Z,1,1,,True,True,
tswicegood,tswicegood/paradoxically,2011-06-29T20:53:37Z,1,1,,True,True,
juntao,juntao/GithubBrowser,2011-10-02T05:25:01Z,2,2,Objective-C,True,True,
darius,darius/unmush,2008-09-13T06:22:19Z,4,4,Python,True,True,
bakpakin,bakpakin/EGF,2014-04-20T23:04:40Z,2,2,Java,True,True,
zachriggle,zachriggle/hilite,2011-04-22T19:43:19Z,4,4,Python,True,True,
catid,catid/Splane,2010-04-25T21:46:55Z,1,1,C,True,True,
benthecarman,benthecarman/ImageSubtractor,2017-02-26T22:43:40Z,0,0,,True,True,
devinus,devinus/torix,2008-08-20T20:17:19Z,3,3,C,True,True,mit
titusfortner,titusfortner/SeleniumFury,2011-12-21T14:26:08Z,0,0,Ruby,True,True,other
prograhammer,prograhammer/inputter,2015-03-11T16:21:59Z,0,0,PHP,True,True,
pedramamini,pedramamini/sulley,2012-04-03T19:49:49Z,5,5,Python,True,True,gpl-2.0
dan,dan/player,2010-12-19T14:04:25Z,3,3,JavaScript,True,False,
pragmaticivan,pragmaticivan/hex-web-template,2015-11-30T05:30:52Z,1,1,HTML,True,True,
opencomputeproject,opencomputeproject/zaius-barreleye-g2,2017-01-21T14:19:26Z,28,28,,True,True,other
thoughtpolice,thoughtpolice/dynasm-example,2010-09-05T10:07:14Z,22,22,C,True,True,bsd-3-clause
kevinbluer,kevinbluer/AJAX-Search-Suggest--WeAreHunted.com-Style-,2015-03-04T07:59:02Z,0,0,JavaScript,True,True,
StephenMayeux,StephenMayeux/egghead-getting-started-with-express,2016-06-30T17:01:24Z,0,0,JavaScript,True,True,
brandonprry,brandonprry/ntreg-ruby,2012-01-05T04:33:23Z,2,2,Ruby,True,True,
chriskacerguis,chriskacerguis/nagios,2021-06-13T01:02:29Z,1,1,Dockerfile,True,True,
thobbs,thobbs/libcassandra,2010-11-08T23:22:13Z,2,2,C++,True,True,other
jhaynie,jhaynie/jazzrecord,2009-04-19T01:43:22Z,5,5,JavaScript,True,True,
mateodelnorte,mateodelnorte/gitcheatsheet,2012-01-20T23:53:12Z,2,2,,True,True,
RadeonOpenCompute,RadeonOpenCompute/rdma-perftest,2016-03-31T18:10:03Z,10,10,C,True,True,other
cowboyd,cowboyd/function,2010-04-12T17:46:07Z,2,2,,True,True,
praetorian-inc,praetorian-inc/ruby_hashcat,2014-06-28T23:18:21Z,40,40,Ruby,False,True,mit
jcustenborder,jcustenborder/Amazon.Powershell,2010-08-17T22:55:07Z,2,2,C#,True,True,
brianairb,brianairb/SFTabView,2013-09-14T07:47:05Z,0,0,Objective-C,True,False,
hammadmobin,hammadmobin/234tree,2018-11-21T20:48:29Z,2,2,Java,True,True,
second-state,second-state/venus,2019-04-15T02:26:08Z,0,0,JavaScript,True,True,mit
zaradarz,zaradarz/st-chat,2023-08-22T18:17:41Z,1,1,,True,False,mit
dtao,dtao/VariantCollections,2011-03-08T05:45:43Z,1,1,C#,True,True,
joshblack,joshblack/Airline,2013-11-15T21:18:45Z,0,0,CSS,True,True,
johntfoster,johntfoster/objective_rates,2014-02-11T05:32:04Z,0,0,,True,True,
hassox,hassox/whistler,2008-03-19T13:05:59Z,6,6,Ruby,True,True,mit
chadmcrowell,chadmcrowell/accelerate,2015-11-16T20:26:00Z,0,0,PHP,True,True,other
alicemaz,alicemaz/zh-art-bot,2017-05-21T03:54:32Z,9,9,Haskell,True,True,bsd-3-clause
rFlex,rFlex/Kerious-Resource-Editor,2012-08-10T02:51:37Z,0,0,Python,True,True,
sophshep,sophshep/project-timeline,2013-12-18T15:06:52Z,5,5,CSS,True,True,
exodusintel,exodusintel/test,2016-01-12T19:53:25Z,1,1,,True,True,
stella3d,stella3d/videoslicer,2015-12-23T01:18:32Z,0,0,JavaScript,True,True,
zsylvester,zsylvester/minibasin-plot-data,2015-12-11T13:32:41Z,4,4,JavaScript,True,True,
jjasghar,jjasghar/chef-jenkins-vagrant,2013-04-30T22:25:42Z,10,10,Ruby,True,True,
xpl,xpl/life,2012-10-17T21:06:29Z,21,21,JavaScript,True,True,
dustinkirkland,dustinkirkland/vmc,2011-06-17T22:46:47Z,1,1,Ruby,True,True,other
reaperhulk,reaperhulk/Tab-Duplicator,2010-06-14T03:27:51Z,9,9,JavaScript,True,True,
gilbert,gilbert/lomicbox,2010-06-24T21:09:15Z,1,1,,True,True,
philkr,philkr/lpo,2015-04-10T23:40:15Z,90,90,C++,True,True,
irlnathan,irlnathan/picuploader,2012-04-14T19:03:10Z,1,1,Ruby,True,True,
jcran,jcran/sample-scan-files,2024-04-11T02:37:56Z,0,0,,True,True,mit
DavidAJohnston,DavidAJohnston/hacktm,2013-10-13T00:20:40Z,0,0,C,True,True,other
birdsarah,birdsarah/appjs-browserhistory,2012-09-20T17:20:11Z,1,1,D,True,True,mit
nodebotanist,nodebotanist/jsconf2014,2014-05-13T23:16:40Z,1,1,JavaScript,True,True,mit
shortstack,shortstack/CrashCourse,2014-10-28T02:49:44Z,0,0,Java,True,True,
scarolan,scarolan/weather_orb,2013-05-25T18:26:02Z,0,0,Python,True,True,
BDHU,BDHU/mnist-demo,2017-04-18T20:44:47Z,1,1,Python,True,True,
alvaromontoro,alvaromontoro/dsong-spotify,2012-09-07T04:29:00Z,0,0,JavaScript,True,True,
joshtronic,joshtronic/river-of-doom,2010-08-14T19:43:37Z,2,2,JavaScript,True,True,
jalapic,jalapic/tpatterns,2016-02-07T17:44:02Z,0,0,C++,True,True,
BusterNeece,BusterNeece/PVLive-Mobile,2015-02-03T23:00:28Z,5,5,JavaScript,True,True,
mrflip,mrflip/acts_as_pimp,2008-06-09T05:27:19Z,4,4,Shell,True,True,mit
ryanhlewis,ryanhlewis/tba-api-client-kotlin,2022-04-20T00:46:04Z,1,1,,True,True,
Arinerron,Arinerron/LinesOfCode,2015-11-06T05:06:00Z,5,5,Java,True,True,cc0-1.0
jonthegeek,jonthegeek/uscollegestesting,2018-03-30T21:34:32Z,0,0,R,True,True,
DavidStinson,DavidStinson/MemoryGame,2019-12-31T04:11:47Z,0,0,JavaScript,True,True,
nklayman,nklayman/clocal-azure,2018-10-26T17:56:21Z,0,0,JavaScript,True,True,apache-2.0
yifanjiang19,yifanjiang19/RecruitSystem,2016-10-04T11:55:52Z,0,0,Python,True,True,
luwes,luwes/Zebroid,2012-05-20T06:56:07Z,2,2,ActionScript,True,True,
syedhali,syedhali/Microphone,2016-10-18T15:32:17Z,0,0,Java,True,True,
zobront,zobront/fastbook,2020-12-18T16:41:55Z,0,0,,True,True,other
dbaldwin,dbaldwin/ardupilot,2013-04-26T20:24:04Z,0,0,C,True,True,gpl-3.0
akutz,akutz/SubHeadSub,2011-10-11T12:06:51Z,3,3,,True,True,
evanlucas,evanlucas/PSTreeGraph,2012-07-26T21:05:57Z,0,0,Objective-C,True,True,
holtskinner,holtskinner/MizzouSENG,2016-09-02T12:50:59Z,0,0,HTML,True,True,mit
wickett,wickett/pingdom-ec2-security,2014-09-13T20:59:11Z,0,0,,True,True,mit
wpengine,wpengine/wpe-search-DEPRECATED,2015-01-14T20:02:32Z,31,31,PHP,False,False,
gnomeontherun,gnomeontherun/pulltester,2011-12-03T20:24:22Z,1,1,PHP,True,True,
sanity,sanity/YAPL,2010-11-21T22:27:57Z,1,1,,True,True,
mdbartos,mdbartos/d3b,2014-08-22T02:13:56Z,1,1,,True,True,
ospencer,ospencer/FolditMultitouch,2015-03-02T19:56:06Z,0,0,Java,True,True,
paulczar,paulczar/github-test,2012-10-27T21:22:20Z,0,0,,True,True,
particlebanana,particlebanana/kthxbye-node,2010-10-20T02:36:20Z,1,1,JavaScript,True,True,
sebersole,sebersole/gradle-inject-version-plugin,2011-03-21T18:48:41Z,1,1,,True,True,
sahin,sahin/test,2015-04-04T01:06:57Z,0,0,,True,True,
markmarkoh,markmarkoh/ABingo,2010-05-04T09:32:21Z,0,0,Ruby,True,True,mit
jdorn,jdorn/mxn,2011-09-28T17:24:00Z,3,3,JavaScript,True,True,other
msarahan,msarahan/DM_plugin_SerialComm,2012-04-11T04:23:06Z,1,1,C++,True,True,gpl-3.0
jbednar,jbednar/AbstractRendering,2015-08-26T18:25:03Z,0,0,Java,True,True,other
benbrown,benbrown/node-crudapi,2013-05-22T22:19:34Z,2,2,JavaScript,True,True,
fredemmott,fredemmott/slamd64-www,2011-07-31T16:01:10Z,1,1,C++,True,True,
bradgarropy,bradgarropy/pathfinding,2015-04-02T04:27:07Z,0,0,Python,True,True,
nicolaka,nicolaka/docker-apache2,2015-10-07T21:01:32Z,0,0,PHP,True,True,apache-2.0
brad-decker,brad-decker/node-phpass,2014-12-29T17:46:50Z,0,0,JavaScript,True,True,
drusellers,drusellers/RequiredReading,2011-03-02T14:23:41Z,1,1,,True,True,
jbellis,jbellis/helenus,2008-12-22T20:15:32Z,2,2,Java,True,True,apache-2.0
JacobMGEvans,JacobMGEvans/world.geo.json,2021-04-19T20:05:05Z,0,0,,True,False,other
TrentWalton,TrentWalton/csszengarden.com,2013-11-25T21:31:22Z,4,4,CSS,True,True,
splittingred,splittingred/searchtweets,2010-05-05T12:57:16Z,2,2,PHP,True,True,
jiaaro,jiaaro/django-taxonomy,2011-04-26T17:14:39Z,1,1,Python,True,True,bsd-3-clause
sh1mmer,sh1mmer/node-arduino-wifi,2011-05-14T00:36:53Z,3,3,,True,True,
jeffreybiles,jeffreybiles/kaminari_themes,2012-07-03T03:07:53Z,0,0,,True,True,
epixoip,epixoip/nstree,2015-02-21T21:35:42Z,1,1,Perl,True,True,
handcraftsman,handcraftsman/BlackBoxRecorder,2010-05-28T15:25:36Z,2,2,C#,True,True,
JoshuaWise,JoshuaWise/accept-webp,2015-03-12T18:47:16Z,1,1,JavaScript,True,True,
gfontenot,gfontenot/hopsapp.com,2011-06-04T21:56:16Z,1,1,JavaScript,True,True,
JFrankfurt,JFrankfurt/ruby_view_server,2013-11-24T07:39:17Z,0,0,Ruby,True,True,
aterrel,aterrel/terrel.us,2010-08-15T12:15:54Z,1,1,,True,True,
bigcommerce,bigcommerce/drupal-module-clientside_validation,2013-05-15T01:28:17Z,1,1,,False,False,
peteanderson80,peteanderson80/SPICE,2016-07-15T01:22:07Z,137,137,Java,True,True,agpl-3.0
jamesbornholt,jamesbornholt/election2010results,2011-06-18T14:10:15Z,1,1,PHP,True,True,
allada,allada/serverbrowser,2013-07-07T01:39:17Z,0,0,JavaScript,True,False,
iMerica,iMerica/cactus,2012-05-25T23:53:25Z,1,1,Ruby,True,True,
jpotts,jpotts/public-api-examples,2013-01-18T17:28:37Z,1,1,Java,True,True,
karthequian,karthequian/mustache.js,2012-10-02T19:55:55Z,0,0,JavaScript,True,True,mit
sfomel,sfomel/seg_ww_2018,2018-08-09T18:32:00Z,0,0,Jupyter Notebook,True,True,mit
realityexpander,realityexpander/SpinList,2013-08-23T15:06:29Z,1,1,Java,True,False,apache-2.0
bradyz,bradyz/graphics,2016-04-26T03:22:38Z,2,2,C++,True,True,
MasonEgger,MasonEgger/GPO-Passwd-Crack,2015-02-27T15:00:25Z,0,0,PowerShell,True,True,
rfdickerson,rfdickerson/acm-sensys2014-website,2014-05-31T21:14:19Z,0,0,CSS,True,True,
jenperson,jenperson/ClimbMate,2017-01-31T05:52:09Z,0,0,Swift,True,True,
kalefranz,kalefranz/ASE,2012-02-08T20:50:53Z,1,1,,True,True,
jeffamstutz,jeffamstutz/mhbenchmark,2014-12-03T14:04:13Z,0,0,C++,True,True,
jeffreypalermo,jeffreypalermo/testing,2009-09-28T13:30:43Z,1,1,,True,True,
AdamBrodzinski,AdamBrodzinski/simple-validate,2012-10-10T20:37:44Z,0,0,CoffeeScript,True,True,mit
magento-engcom-team,magento-engcom-team/magento2,2018-02-16T17:11:01Z,3,3,PHP,True,True,osl-3.0
okyeron,okyeron/PixelController,2012-07-01T05:14:36Z,1,1,Java,True,True,gpl-3.0
Just-Moh-it,Just-Moh-it/Aston-Backend,2021-10-20T05:19:13Z,0,0,HTML,True,True,mit
koltyakov,koltyakov/sp-sig-20170608-demo,2017-06-06T09:23:30Z,1,1,TypeScript,True,True,
wbobeirne,wbobeirne/Voxel-Editor,2011-03-04T00:17:56Z,1,1,C#,True,True,
ArturoNereu,ArturoNereu/ClothSim,2011-04-22T02:36:20Z,37,37,C++,True,True,
jasonappah,jasonappah/LHS-Robotics-18,2018-09-13T21:28:00Z,1,1,CSS,True,True,
devrim,devrim/test,2011-02-22T16:26:50Z,1,1,,True,True,
baronfel,baronfel/Raven,2011-03-30T17:24:02Z,7,7,Java,True,True,
ChrisMissal,ChrisMissal/docu,2009-03-27T12:01:10Z,2,2,C#,True,True,other
giannisdaras,giannisdaras/miptree,2019-12-25T18:09:56Z,0,0,,True,True,
jasonppy,jasonppy/para-nmt-50m,2020-12-08T23:41:51Z,0,0,,True,True,
sgress454,sgress454/djangoappengine,2012-07-25T20:55:49Z,1,1,Python,True,False,other
FellowTraveler,FellowTraveler/function-calling-server,2024-07-01T03:55:02Z,0,0,,True,True,
sylvanc,sylvanc/hpscluster,2015-01-02T12:21:52Z,0,0,,True,True,mit
alex-miller-0,alex-miller-0/easy-ecc,2019-02-28T22:00:34Z,0,0,C,True,True,bsd-2-clause
manton,manton/longposts,2013-03-24T22:02:00Z,0,0,JavaScript,True,True,mit
bgentry,bgentry/dm-is-inheritable,2009-08-30T23:48:37Z,1,1,,True,True,
Noah-Kennedy,Noah-Kennedy/StrongHold-2016,2016-11-16T21:31:32Z,0,0,Java,True,True,
chriswahl,chriswahl/chriswahl,2020-07-20T04:07:01Z,1,1,,True,True,mit
smashism,smashism/pyMacWarranty,2015-08-19T17:22:02Z,0,0,Python,True,True,
DataDaimon,DataDaimon/DataCamp,2022-10-02T04:19:15Z,0,0,Jupyter Notebook,True,True,
sklam,sklam/numba-example-wavephysics,2012-09-10T17:46:46Z,1,1,Python,True,True,
dokun1,dokun1/SQLPARSER,2014-01-31T07:09:01Z,0,0,Objective-C,True,True,apache-2.0
koverholt,koverholt/fds-smv,2015-08-16T06:16:46Z,1,1,C,True,True,other
drewcrawford,drewcrawford/sneakernet,2010-05-24T04:23:01Z,79,79,Python,True,True,
dlo,dlo/growltweet,2009-11-19T17:34:52Z,1,1,Python,True,True,
beiatrix,beiatrix/sequelize-practice,2018-11-15T18:45:47Z,0,0,JavaScript,True,True,
robertsosinski,robertsosinski/ruby-des,2008-07-27T17:25:04Z,26,26,Ruby,True,True,mit
PaulBratslavsky,PaulBratslavsky/REACT-photowall,2019-08-05T22:43:59Z,0,0,JavaScript,True,True,
DrewML,DrewML/mongo-node-m101js,2013-08-27T00:28:34Z,0,0,JavaScript,True,True,
sailpoint-oss,sailpoint-oss/code-samples,2021-03-04T14:32:25Z,7,7,JavaScript,False,True,mit
brundonsmith,brundonsmith/FRIGEngine,2013-02-23T02:37:08Z,0,0,Java,True,True,
techthoughts2,techthoughts2/2012R2HyperVHotfixes,2016-06-05T15:05:09Z,0,0,PowerShell,True,True,
ZeroMemes,ZeroMemes/TekkitClassicPatcher,2017-08-15T22:34:51Z,1,1,Java,False,False,
treyhuffine,treyhuffine/Matrix-Class-C,2015-03-30T17:10:59Z,0,0,C++,True,True,
dpmex4527,dpmex4527/hubot-github-webhook-listener,2015-10-13T17:28:28Z,0,0,CoffeeScript,True,True,mit
jasonbaldridge,jasonbaldridge/type-supervised-tagging-2012emnlp,2012-05-26T14:32:32Z,0,0,Scala,True,True,
mrjasonweaver,mrjasonweaver/Respond,2011-04-30T20:53:57Z,0,0,JavaScript,True,True,
oracle-terraform-modules,oracle-terraform-modules/terraform-oci-tdf-block-storage,2019-11-25T14:42:59Z,2,2,HCL,True,True,upl-1.0
OR13,OR13/OpenCyc,2016-12-16T23:28:27Z,0,0,JavaScript,True,True,
DDRBoxman,DDRBoxman/dMPDe,2010-06-09T12:59:20Z,3,3,Java,True,True,
viritaromero,viritaromero/Algo-and-DS,2019-01-29T04:16:35Z,0,0,Python,True,True,
vijay03,vijay03/alc-strace,2014-02-03T00:14:28Z,0,0,C,True,True,
mcroydon,mcroydon/html2text-appengine,2009-01-31T13:31:32Z,6,6,Python,True,True,
mitchspano,mitchspano/AdvancermediateLWC,2019-07-27T22:44:26Z,1,1,JavaScript,True,True,
nazmulidris,nazmulidris/androidlearning_lifecycle,2013-08-24T08:26:04Z,2,2,,True,True,
tzlaine,tzlaine/2010_presentations,2013-06-25T13:25:54Z,0,0,C++,True,True,
leoroese,leoroese/iterm2-one-monokai,2023-03-11T20:36:18Z,0,0,,True,True,mit
JostineHo,JostineHo/data-science-primer,2016-01-11T15:33:08Z,2,2,,True,True,
mahanta-mayur,mahanta-mayur/RailNet-Internet-Intranet,2022-10-11T18:44:57Z,0,0,,True,True,
rfxn,rfxn/apache-mpm-settings,2018-02-09T22:38:40Z,0,0,Python,True,True,
sdnts,sdnts/prisma-playground,2020-05-09T14:30:56Z,4,4,TypeScript,True,True,
leachim6,leachim6/pynewspaper,2008-06-24T16:22:13Z,2,2,Python,True,True,
rphillips,rphillips/clearsilver,2008-10-15T02:18:47Z,9,9,,True,True,other
robswc,robswc/fips-codes,2020-03-17T22:58:03Z,0,0,,True,True,
mtscout6,mtscout6/bundler,2011-06-17T22:08:19Z,0,0,Ruby,True,True,mit
teleject,teleject/html5-boilerplate,2010-10-11T17:12:03Z,1,1,JavaScript,True,True,
anibalsolon,anibalsolon/anthill,2014-10-14T19:15:58Z,0,0,Java,True,True,
mayoff,mayoff/WindowStackOrganizer,2016-01-15T17:21:16Z,1,1,Objective-C,True,True,
ftarlaci,ftarlaci/github-cheat-sheet,2016-08-06T03:07:21Z,0,0,,True,False,mit
ftarlaci,ftarlaci/github-cheat-sheet,2016-08-06T03:07:21Z,0,0,,True,False,mit
atxsinn3r,atxsinn3r/EyeDiff,2017-06-19T16:36:47Z,19,19,Ruby,True,True,bsd-3-clause
linyiru,linyiru/FuturesBot,2014-05-28T11:54:16Z,0,0,Java,True,True,other
todb,todb/test-project-plz-ignore,2012-06-25T19:02:47Z,2,2,,True,True,
austintoddj,austintoddj/codewars,2017-07-05T13:50:52Z,4,4,PHP,True,True,
mcg1969,mcg1969/pywin32,2015-06-26T15:29:34Z,0,0,C++,True,True,
KensoDev,KensoDev/Sample-Project-Management-,2012-02-19T20:41:07Z,1,1,,True,True,
hartator,hartator/magic,2010-06-17T10:52:00Z,1,1,,True,True,
ericlaw1979,ericlaw1979/fiddler-extension,2014-06-17T20:45:28Z,0,0,C#,True,True,apache-2.0
pifantastic,pifantastic/O2,2010-02-21T00:25:12Z,2,2,JavaScript,True,True,
sagivo,sagivo/XML-to-NSDictionary,2012-10-28T23:10:52Z,0,0,Objective-C,True,True,mit
pfuri,pfuri/ispc3-migration,2014-05-07T20:16:46Z,15,15,Shell,True,True,gpl-3.0
loweryaustin,loweryaustin/st,2018-12-09T00:51:35Z,0,0,C,True,True,mit
mattdeboard,mattdeboard/pf_random,2010-10-28T14:41:32Z,2,2,,True,True,
Robdel12,Robdel12/robdel12.github.io,2013-08-02T04:08:29Z,0,0,CSS,True,True,
acmacalister,acmacalister/bnr-cocoa-programming,2013-04-16T13:21:59Z,0,0,Objective-C,True,True,
MalwareArchaeology,MalwareArchaeology/ATTACK,2018-11-08T18:39:14Z,331,331,,True,True,gpl-3.0
hari-sikchi,hari-sikchi/hector_slam,2016-08-28T05:21:37Z,0,0,C++,True,False,
omniedgeio,omniedgeio/n2n-macOS,2022-01-15T14:50:07Z,0,0,C,True,True,
adamchalmers,adamchalmers/shopliscrape,2014-10-19T11:55:06Z,0,0,Python,True,True,
Jmeyer1292,Jmeyer1292/rms,2015-02-22T08:00:03Z,0,0,C++,True,True,
keppel,keppel/hashcash-token,2014-07-04T23:31:11Z,6,6,JavaScript,True,True,
jrf0110,jrf0110/pubsubz,2012-09-30T16:24:00Z,0,0,JavaScript,True,True,
1000hz,1000hz/hubot-scripts,2013-07-25T20:22:44Z,0,0,CoffeeScript,True,True,mit
coreyward,coreyward/how-far-away-was-that-lightning,2010-11-04T20:08:26Z,1,1,JavaScript,True,True,
mikebrow,mikebrow/Spoon-Knife,2015-06-05T21:52:08Z,0,0,HTML,True,True,
chipsenkbeil,chipsenkbeil/get-keyboard-state,2014-01-06T21:28:32Z,2,2,C,True,True,mit
thebigredgeek,thebigredgeek/grunt-init-angular-module,2013-09-24T08:17:14Z,1,1,JavaScript,True,True,mit
mediwareinc,mediwareinc/signature_tracking,2020-10-21T15:05:44Z,0,0,,True,True,mit
gbin,gbin/Gome,2011-08-12T07:28:32Z,4,4,Java,True,True,
joonas,joonas/monokai-limechat,2008-12-12T12:05:01Z,3,3,,True,True,
joonas,joonas/monokai-limechat,2008-12-12T12:05:01Z,3,3,,True,True,
GitBoSun,GitBoSun/tensorflow-multi-gpu,2018-05-22T07:02:32Z,4,4,Python,True,True,
BleepLabs,BleepLabs/S25FLx_FIFO,2015-09-30T21:21:57Z,0,0,C++,True,True,
atlassian-labs,atlassian-labs/jira-release-blocker,2020-03-18T11:54:51Z,10,10,Shell,True,True,apache-2.0
ammario,ammario/bootstrap-glyphicons,2014-08-15T13:19:40Z,0,0,,True,True,
artjmaria,artjmaria/101-ConsoleIntro,2022-11-22T05:12:16Z,0,0,,True,True,
yuehaowang,yuehaowang/jpp.js,2015-08-18T15:01:53Z,19,19,JavaScript,True,True,mit
yuehaowang,yuehaowang/jpp.js,2015-08-18T15:01:53Z,19,19,JavaScript,True,True,mit
shoenig,shoenig/JBC,2011-03-25T19:39:26Z,1,1,Go,True,True,
safijari,safijari/computerVisionClassProject,2015-05-05T23:17:05Z,0,0,Python,True,True,
newswim,newswim/node-vtiger,2016-07-16T01:42:40Z,0,0,JavaScript,True,True,
nertzy,nertzy/mixico,2011-11-25T22:51:14Z,1,1,Ruby,True,False,other
jmswisher,jmswisher/oscon-workshop,2013-07-22T18:50:36Z,0,0,,True,True,
blanu,blanu/freefallroutes,2011-07-10T23:08:32Z,1,1,,True,True,
ccrama,ccrama/gm-mkdroid,2016-07-22T19:49:07Z,0,0,Java,True,True,
bentruyman,bentruyman/fiveoclocksong-dead,2010-04-28T02:07:25Z,3,3,JavaScript,True,True,
ryanirelan,ryanirelan/ee-sandbox-restore,2009-01-14T03:58:39Z,9,9,Shell,True,True,
ramhiser,ramhiser/jointdiag,2010-10-12T02:33:39Z,4,4,R,True,True,
bsatrom,bsatrom/Win8Book,2011-09-19T12:15:41Z,1,1,,True,True,
cdgriffith,cdgriffith/nframe,2014-01-12T05:41:09Z,0,0,Python,True,True,mit
ilanschnell,ilanschnell/ironpkg,2011-11-09T00:36:59Z,4,4,Python,True,True,other
thezdi,thezdi/abusing-silent-mitigations,2015-06-19T15:16:44Z,90,90,HTML,True,False,
arohner,arohner/clojure-opennlp,2010-04-30T21:42:57Z,1,1,Clojure,True,True,
josefnpat,josefnpat/yalt,2011-10-28T23:19:47Z,3,3,Lua,True,True,zlib
jack-oquin,jack-oquin/ros,2013-03-31T14:31:49Z,0,0,Python,True,True,
windelicato,windelicato/TuxTuner,2012-02-05T18:32:34Z,0,0,C++,True,True,
theori-io,theori-io/cve-2016-0189,2016-06-22T23:03:30Z,114,114,HTML,True,True,mit
rholder,rholder/brut.apktool,2011-10-13T01:58:59Z,1,1,Java,True,True,apache-2.0
shili2017,shili2017/VV214-Project,2019-04-20T14:43:43Z,0,0,MATLAB,True,True,
brandonrosage,brandonrosage/webgl-globe,2019-04-17T17:14:02Z,3,3,JavaScript,True,False,other
AshM10,AshM10/my-first-project,2021-10-09T01:11:54Z,0,0,JavaScript,True,True,
enthought,enthought/numpy-refactor,2012-02-27T16:57:10Z,0,0,C,True,True,bsd-3-clause
robwierzbowski,robwierzbowski/charged-zsh-theme,2014-05-23T19:09:40Z,6,6,,True,False,mit
bowdenk7,bowdenk7/yago-android,2015-02-03T22:44:55Z,1,1,Java,True,True,
derekargueta,derekargueta/Sorts,2014-07-01T21:27:51Z,0,0,Python,True,True,
bcook-r7,bcook-r7/meterpreter-prehistory,2014-12-04T20:45:17Z,1,1,C,True,True,
witoff,witoff/service_contracts,2012-04-27T05:32:16Z,0,0,,True,True,
lewing,lewing/MimeKit,2014-05-09T17:29:49Z,0,0,C#,True,True,other
RobertLRead,RobertLRead/aaronsnow.github.io,2013-09-25T01:16:54Z,0,0,CSS,True,True,
EttusResearch,EttusResearch/ettus_oe,2013-03-29T00:51:24Z,5,5,,True,True,
jshcrowthe,jshcrowthe/Brightcove-API,2013-11-05T19:44:21Z,0,0,JavaScript,True,True,
ccraddock,ccraddock/arduino-water-sensor,2015-08-06T03:35:41Z,0,0,C++,True,True,
damon,damon/messages,2012-04-05T03:43:29Z,1,1,,True,True,
mistermoe,mistermoe/Practice-Mockups,2014-03-04T19:58:06Z,0,0,CSS,True,True,
alexhuth,alexhuth/scikits-sparse,2013-08-02T01:24:12Z,0,0,Python,True,True,
MontealegreLuis,MontealegreLuis/dgztl,2013-03-23T04:01:40Z,0,0,PHP,True,True,mit
grahamwaters,grahamwaters/PythonFarmGame,2022-05-13T03:30:04Z,0,0,,True,True,
gully,gully/pyGTA,2011-06-19T22:47:53Z,3,3,Python,True,True,
kernelsmith,kernelsmith/kindlemail,2015-08-13T19:46:58Z,0,0,Ruby,True,True,mit
moagrius,moagrius/Dictionary,2011-09-23T04:04:05Z,7,7,JavaScript,True,True,
Xibanya,Xibanya/example,2019-11-07T22:14:27Z,0,0,,True,False,mit
hellobrian,hellobrian/first_app,2013-04-17T21:43:24Z,0,0,Ruby,True,True,
SaltyQuetzals,SaltyQuetzals/transcribe-space,2016-09-01T02:14:07Z,0,0,Java,True,True,
jakecraige,jakecraige/InBloom-InterventionTracking,2013-03-07T18:05:16Z,0,0,JavaScript,True,True,
joahg,joahg/obfuscatejs,2013-12-04T18:56:03Z,8,8,Ruby,True,True,mit
baalexander,baalexander/rosnodejs,2011-05-16T03:23:49Z,36,36,JavaScript,True,False,mit
emcho,emcho/just-stuff,2012-09-24T21:05:09Z,0,0,,True,True,
shellcromancer,shellcromancer/tweet-watcher,2017-09-20T01:55:40Z,0,0,Python,True,True,
daniel-nagy,daniel-nagy/Album-Collection,2014-05-11T20:27:37Z,2,2,JavaScript,True,True,
nectariferous,nectariferous/NID-Generator,2024-07-18T05:57:06Z,0,0,,True,True,
AustinKelsay,AustinKelsay/hello-world,2019-07-31T22:24:10Z,0,0,,True,True,
sunny-g,sunny-g/vertex.js,2014-01-27T03:53:16Z,0,0,JavaScript,True,False,mit
jedwards1211,jedwards1211/Jhrome,2012-02-18T00:55:42Z,21,21,Java,True,True,lgpl-3.0
heyjaywilson,heyjaywilson/css-layout-practice,2017-03-23T23:00:11Z,0,0,HTML,True,True,
amberleyromo,amberleyromo/beltway-focus,2016-06-19T20:51:15Z,0,0,CSS,True,True,
ajbozarth,ajbozarth/315lab4,2014-02-20T23:24:25Z,0,0,C++,True,True,
coadler,coadler/RandomVideo,2015-10-04T19:16:05Z,1,1,Go,True,True,
koeninger,koeninger/liftweb,2010-02-17T03:12:34Z,0,0,Scala,True,True,apache-2.0
UT-Austin-RPL,UT-Austin-RPL/robovat,2020-08-26T14:37:23Z,6,6,Python,True,True,mit
OneCricketeer,OneCricketeer/FSM-Minimizer,2012-07-23T19:51:00Z,0,0,C#,True,True,
cloudburst,cloudburst/Elf,2009-11-06T23:47:28Z,1,1,,True,True,
gpdowning,gpdowning/gpdowning.github.io,2023-12-01T03:39:42Z,0,0,CSS,True,True,
DavidWittman,DavidWittman/awesomewm-config,2012-04-02T01:51:24Z,2,2,Lua,True,True,
cmdruid,cmdruid/hashcode-2020,2020-02-16T12:01:56Z,0,0,Python,True,True,mit
dknecht,dknecht/employeeware,2022-02-18T19:44:53Z,0,0,,True,True,mit
GluuFederation,GluuFederation/ceUpgrade,2015-11-27T07:35:04Z,0,0,Python,True,True,mit
mikesurowiec,mikesurowiec/mikesurowiec.github.com,2012-10-21T14:38:26Z,1,1,,True,True,
jimbojsb,jimbojsb/beginning-php,2010-11-10T14:29:13Z,4,4,PHP,True,True,
AutoMapper,AutoMapper/AutoMapper.website,2011-07-03T22:03:52Z,14,14,CSS,True,True,
ericyd,ericyd/midi-unbound,2014-08-30T01:02:37Z,1,1,Python,True,True,gpl-3.0
mpenning,mpenning/mkzone,2023-04-06T22:16:49Z,0,0,,True,True,gpl-3.0
ianjennings,ianjennings/impactjs-multiplay,2011-04-08T16:55:17Z,6,6,JavaScript,True,True,
lovemecomputer,lovemecomputer/hyper-sierra-vibrancy,2017-07-19T21:22:28Z,0,0,JavaScript,True,True,
WillAbides,WillAbides/ragel-go-examples,2021-09-13T19:41:34Z,0,0,,True,True,bsd-2-clause
camilonova,camilonova/django-sorting,2011-01-10T15:58:58Z,5,5,Python,True,True,bsd-3-clause
joshknowles,joshknowles/db-populate,2008-03-03T00:22:30Z,20,20,Ruby,True,True,
rauhryan,rauhryan/hyde.js,2010-05-19T22:17:15Z,1,1,JavaScript,True,True,
kiat,kiat/prova,2012-01-16T15:47:35Z,1,1,Java,True,True,
MichaelDesantis,MichaelDesantis/Euler_Problems,2016-02-09T22:06:14Z,0,0,JavaScript,True,True,
h3h,h3h/rb-hash-arithmetic,2008-12-17T20:01:21Z,1,1,,True,True,
Xandromus,Xandromus/xandromus.github.io,2018-01-30T02:28:53Z,0,0,,True,True,
ecapuano,ecapuano/picoCTF-Platform-2,2015-06-25T03:11:41Z,0,0,Python,True,False,mit
jtraglia,jtraglia/cool-eth-addrs,2022-02-14T20:47:02Z,0,0,Python,True,True,
aporat,aporat/aporat.github.com,2012-01-30T03:52:15Z,2,2,,True,True,
ostris,ostris/xmrig,2017-11-25T14:39:52Z,0,0,C++,True,True,gpl-3.0
unwiredben,unwiredben/Sparkfun-Simon,2014-02-19T22:19:57Z,0,0,C,True,True,
prestonsn,prestonsn/RoboND-Rover-Project,2018-05-30T19:16:19Z,0,0,Jupyter Notebook,True,True,
Rav4s,Rav4s/netdata,2020-10-21T17:01:23Z,2,2,,True,True,gpl-3.0
mflaxman,mflaxman/bottlenose,2012-05-02T17:32:53Z,1,1,Python,True,True,mit
samkap,samkap/RWD-curriculum,2014-06-10T15:23:27Z,0,0,,True,True,
preetapan,preetapan/util,2014-04-10T15:59:38Z,1,1,Java,True,True,apache-2.0
daijro,daijro/CursorTrace,2020-12-22T19:27:37Z,30,30,Python,True,True,apache-2.0
grgcombs,grgcombs/websupport,2012-02-10T17:21:20Z,1,1,Objective-C,True,True,
stevehanson,stevehanson/first_app,2012-04-30T02:53:52Z,1,1,Ruby,True,True,
tlivings,tlivings/sproxy,2013-08-12T14:23:23Z,0,0,JavaScript,True,True,
dirtycajunrice,dirtycajunrice/python-ethapi,2017-10-05T06:31:36Z,0,0,Python,True,True,apache-2.0
kraftbj,kraftbj/HTML5-GeoLocation-jQuery-Plugin,2012-06-10T01:49:33Z,2,2,JavaScript,True,True,
itsjustkevin,itsjustkevin/ExpressionEvaluator,2018-12-16T14:53:31Z,0,0,C++,True,True,
jjn1056,jjn1056/bluechild,2009-04-19T17:14:05Z,12,12,,True,True,
jimangel,jimangel/jimandshan.com,2017-05-31T00:13:38Z,0,0,CSS,True,True,
wmorgan,wmorgan/thrift,2008-03-27T19:47:58Z,6,6,C++,True,True,other
tbarn,tbarn/flaskMusicStream,2013-12-21T06:02:05Z,1,1,Python,True,True,
sjenning,sjenning/lirckbd,2010-11-23T20:05:15Z,0,0,C,True,True,gpl-2.0
andrewsmhay,andrewsmhay/aws-security-viz,2013-05-02T04:25:57Z,1,1,Ruby,True,True,
okorshenko,okorshenko/create-probot-app,2018-08-24T16:22:57Z,1,1,JavaScript,True,True,isc
AriTheElk,AriTheElk/IGConfigurableDropZone,2012-04-09T01:22:36Z,2,2,Objective-C,True,True,
MaureenHelm,MaureenHelm/west,2018-08-14T19:42:31Z,0,0,Python,True,True,apache-2.0
runZeroInc,runZeroInc/actions-yarn,2022-06-08T22:02:23Z,0,0,Shell,True,True,
brookslybrand,brookslybrand/CS303E,2016-09-05T21:33:28Z,0,0,Python,True,True,
huumn,huumn/go-jwt-user-auth-example,2017-12-02T18:47:22Z,0,0,Go,True,True,unlicense
whatthejeff,whatthejeff/phpsh,2010-09-08T17:29:28Z,0,0,Emacs Lisp,True,True,bsd-3-clause
andrewrynhard,andrewrynhard/theme-will,2019-01-29T03:37:16Z,0,0,Shell,True,True,mit
skeptycal,skeptycal/chrome-extension-dev-template,2018-10-27T23:07:13Z,0,0,JavaScript,True,True,
tonyelhabr,tonyelhabr/tweets,2017-11-23T02:37:42Z,1,1,HTML,True,True,
eugeneiiim,eugeneiiim/ElasticPod,2009-12-30T21:46:18Z,10,10,Objective-C,True,True,
JoshuaBrigati,JoshuaBrigati/HelloWorld,2016-04-10T04:25:28Z,0,0,,True,True,
adrianhorning08,adrianhorning08/email_veracity_checker,2018-09-15T18:01:57Z,0,0,Ruby,True,True,
sbellware,sbellware/useful-objects,2018-07-06T18:33:35Z,12,12,Ruby,True,True,mit
jarrodmedrano,jarrodmedrano/react-js-playground,2015-02-17T00:32:56Z,0,0,JavaScript,True,True,
alisonjoseph,alisonjoseph/FB-Style-Page-Slide-Menu,2013-03-01T15:15:50Z,0,0,JavaScript,True,True,
noporpoise,noporpoise/CortexLib,2012-02-05T05:14:35Z,2,2,C,True,True,
roice3,roice3/padic,2015-02-23T18:05:18Z,0,0,JavaScript,True,True,mit
Adancode,Adancode/google-homepage,2014-11-17T01:16:29Z,0,0,CSS,True,True,
mdxp,mdxp/progit,2010-05-13T17:39:24Z,1,1,Shell,True,True,
crccheck,crccheck/Tx-Leg-Bills,2010-11-10T04:08:32Z,1,1,JavaScript,True,True,
mauvehed,mauvehed/tinfoleak,2014-09-11T15:59:02Z,2,2,Python,True,True,
JnyJny,JnyJny/KSPManager,2012-08-31T05:16:54Z,8,8,Objective-C,True,True,other
hiwonjoon,hiwonjoon/Node_Practice,2012-04-23T01:51:23Z,0,0,JavaScript,True,True,
saranshkataria,saranshkataria/Snakes_dart,2012-04-22T04:06:27Z,2,2,,True,True,
DrChat,DrChat/Bebop2-Flight,2016-10-06T21:16:00Z,0,0,C#,True,True,mit
andersson,andersson/device-sony-lagan,2013-05-01T00:40:00Z,0,0,C,True,True,
marks,marks/twitter-oauth-sinatra,2010-08-31T00:24:06Z,1,1,Ruby,True,True,
asonix,asonix/carrierwave-example-app,2015-07-15T20:54:19Z,0,0,Ruby,True,True,
praveenperera,praveenperera/timetracker,2015-01-14T05:59:13Z,0,0,Ruby,True,True,
mymindstorm,mymindstorm/authenticator,2017-11-17T18:00:41Z,5,5,JavaScript,False,True,apache-2.0
AndyZe,AndyZe/pid_lyap,2015-10-11T19:12:40Z,1,1,C++,True,True,
benschw,benschw/fintech-webapp,2013-04-02T13:52:20Z,0,0,JavaScript,True,True,
seejamescode,seejamescode/alpha-of-genesis,2015-02-06T06:25:00Z,0,0,CSS,True,True,
acidjazz,acidjazz/vimcalc,2012-09-15T00:15:54Z,0,0,VimL,True,True,
dfridovi,dfridovi/sketchpad,2015-04-03T03:27:07Z,14,14,Java,True,True,
wuputah,wuputah/active_scaffold,2008-06-06T20:26:13Z,2,2,Ruby,True,True,mit
gnobitab,gnobitab/Hello-World,2012-12-02T02:08:06Z,0,0,,True,True,
austinheap,austinheap/samsung-smart-tv-block-list,2017-05-20T16:59:16Z,1,1,,True,True,
trentpiercy,trentpiercy/FormatGoogleCalendar,2017-06-27T05:18:47Z,0,0,JavaScript,True,True,mit
jseppi,jseppi/WOFpy,2011-03-31T14:27:46Z,4,4,Python,True,True,
ayasin,ayasin/frhttp-socket-io-sample,2015-02-24T23:51:36Z,1,1,HTML,True,True,
kkpatel1,kkpatel1/flat-portal,2015-07-04T07:10:48Z,0,0,Objective-C,True,True,
addisonlynch,addisonlynch/DevistatorBacktesting,2018-07-12T00:07:19Z,0,0,C++,True,True,
eriknw,eriknw/test_hof,2013-11-19T03:29:15Z,0,0,Python,True,True,bsd-3-clause
Seanba,Seanba/tiled,2015-02-17T03:09:21Z,1,1,C++,True,True,other
cnstoll,cnstoll/Specs,2013-04-05T15:00:33Z,0,0,Ruby,True,True,
reybos,reybos/games_oop_javafx,2020-09-22T11:14:43Z,0,0,Java,True,True,apache-2.0
ivelin,ivelin/docstest,2018-05-26T22:14:13Z,0,0,,True,True,
shashilo,shashilo/stripe-integration-as-models,2014-10-05T04:58:33Z,0,0,,True,True,mit
jonathanrocher,jonathanrocher/ipython,2011-09-12T22:21:44Z,0,0,Python,True,False,other
erichexter,erichexter/psake,2009-09-20T21:14:19Z,1,1,,True,True,
sethbergman,sethbergman/sethbergman.github.io,2015-05-30T18:18:08Z,0,0,HTML,True,True,
fearphage,fearphage/snippets,2009-04-12T15:54:31Z,2,2,,True,True,
BubblyOrca,BubblyOrca/Kaggle-California-Housing-Prices,2020-10-02T08:57:37Z,0,0,,True,True,apache-2.0
phillipuniverse,phillipuniverse/com_api,2011-05-06T17:35:28Z,1,1,PHP,True,True,
OpenSorceress,OpenSorceress/AdvancedMagentoDeveloperTools,2014-09-03T21:26:50Z,0,0,,True,True,
oracle-actions,oracle-actions/.github,2021-05-20T22:36:24Z,2,2,,False,False,
patrickocoffeyo,patrickocoffeyo/BootstrapBlocksModule,2012-11-10T01:48:04Z,13,13,PHP,True,True,
kc5nra,kc5nra/iRevTKTools,2010-04-05T21:09:57Z,3,3,Objective-C,True,True,
astashov,astashov/rails_foreign_keys,2008-12-28T15:20:16Z,2,2,,True,True,
dbredvick,dbredvick/Spreetail,2016-10-12T05:35:33Z,0,0,JavaScript,True,True,
mutualmobile,mutualmobile/seven68,2010-03-30T18:01:01Z,1,1,,True,True,
mpakus,mpakus/harumambu.ru,2011-08-24T02:34:11Z,1,1,Ruby,True,True,
mpakus,mpakus/harumambu.ru,2011-08-24T02:34:11Z,1,1,Ruby,True,True,
matt-landers,matt-landers/DepotUExamples,2015-09-10T13:18:49Z,0,0,JavaScript,True,True,
